"","PC1","PC2","PC3","PC4","PC5","PC6","PC7","PC8","PC9"
"Cement",-0.904445813446983,-0.0230406852695865,-0.152037538047149,0.0134621572183199,-0.153759006156687,0.276742741083952,-0.183873769158134,0.154874416461132,0.0112352184036605
"Blast Furnace Slag",0.254633566772389,-0.788837026973426,-0.0714365690077246,0.200667824233027,-0.101351292944697,0.433875366281673,-0.18288729321558,0.188184206571712,0.0120895328330621
"Fly Ash",0.239384888280787,0.299039738812698,0.0488871434372631,-0.686257304351721,-0.187760842567072,0.495428259318844,-0.194423434546723,0.247825353114499,-0.00314604888966141
"Water",-0.00542825508740179,-0.0754936918771337,0.042056311075215,-0.0757615383002609,0.0939786364045237,-0.467925429592853,-0.0706846444605305,0.832559191545171,0.246628008136987
"Superplasticizer",0.00110178992500287,0.00485714352012003,-0.024194711654942,-0.0203852159387914,-0.0227983803439516,0.101383922094471,0.0559057186626637,-0.222413131163129,0.967255259492709
"Coarse Aggregate",0.0128224250572586,0.27609911036786,0.759846860770143,0.478596038260176,-0.0620767017020878,0.275285887651521,-0.0762408054743962,0.173215175987354,0.0416107265394222
"Fine Aggregate",0.212270079135959,0.446453833160602,-0.612702961000575,0.480527916731077,0.145583900458192,0.25562111819014,-0.102371493442169,0.227064036837338,0.0270843783608272
"Age",-0.100313042654702,-0.0699969872907538,0.117718965082574,-0.146569700800306,0.945738438753005,0.204300942125275,-0.11288136846572,-0.0281683950781371,0.00124579073374912
"Concrete compressive strength",-0.0672161064930123,-0.0400786081713597,-0.020184362386868,-0.0316672600818627,0.0448421196430939,0.278604026142002,0.926167181624115,0.232821332866769,-0.0290350807967723
