"","sophisticated","slimming","exciting","relaxing","effect.on.health"
"sophisticated",1,0.120483692211304,0.178737981817405,0.127526004788046,-0.00994810457845026
"slimming",0.120483692211304,1,0.131884539410509,0.0743246162648856,0.184223067378516
"exciting",0.178737981817405,0.131884539410509,1,-0.402094622390388,0.0141087913377401
"relaxing",0.127526004788046,0.0743246162648856,-0.402094622390388,1,-0.177777956282553
"effect.on.health",-0.00994810457845026,0.184223067378516,0.0141087913377401,-0.177777956282553,1
